time	function	status	result	tx_id
2026-06-07T06:07:35.000Z	seal-inscription	abort_by_post_condition	(err u112)	0xad32d98bca177bc70486c5d00c7ba31fd35a72d3bbff778793be6a3eb114920d
2026-06-07T06:07:35.000Z	add-chunk-batch	abort_by_response	(err u112)	0xa90f3d7f25d2f78858afd97b330c219efa3d84c8e2a04cf946f3f238d94f5fb8
2026-06-07T06:07:35.000Z	add-chunk-batch	abort_by_response	(err u112)	0x98a4b466eec021706acebb2178a1b55639a92f2cccedf06e5623d0cca78a7219
2026-06-06T16:22:47.000Z	add-chunk-batch	success	(ok true)	0x1d448511895f60fcf957832229cef730e1dd6a853eee0d2abaf8b79ba2f25439
2026-06-06T16:22:47.000Z	add-chunk-batch	success	(ok true)	0x5eef5da0a673a5ac221bb0c9ee1e1ad44fc1affdef6a976c8691cd06aec6ffff
2026-06-06T16:22:47.000Z	add-chunk-batch	success	(ok true)	0x46892ec7c1f69a6df69d031c3fa262d56890b9c0ac6998668b6460408c32b940
2026-06-06T16:22:47.000Z	add-chunk-batch	success	(ok true)	0x16f6cf633320d36f00785faf9ff7548435363ea998a7918a9629f3886dd8586f
2026-06-06T16:22:47.000Z	add-chunk-batch	success	(ok true)	0x2d7e897fa230b73ff1af572ae3242a3c20343a051279168b1d6389ef2a178b2e
2026-06-06T16:22:47.000Z	add-chunk-batch	success	(ok true)	0xf85c26475c1f956a0897b5abdbb7554e794a8760fb2766c9e93a9f2556297fa7
2026-06-06T16:22:47.000Z	add-chunk-batch	success	(ok true)	0x59b2b9bf9736a9f2800da0bd113e571b845d0b09b0d82b140f05602c4e9372a1
2026-06-06T16:22:47.000Z	add-chunk-batch	success	(ok true)	0xd612260d0d05a4def515bd5e864a8144a1b1bd31f9b95fc16fe83f75f7161a13
2026-06-06T16:22:47.000Z	begin-inscription	success	(ok true)	0x4613f355e9e7b66fe874134d5c3ef614d70ab51e67691ce826137f3903fb309e
2026-06-06T16:22:47.000Z	seal-inscription	success	(ok u357)	0x15037038654a717b2afba7ba9f390cfa13a2a403639b0d010fe0fe6ed9a0818b
2026-06-06T08:31:26.000Z	add-chunk-batch	success	(ok true)	0xb69ae8dceed19ee3d6769d4f96ce7c3a33f12b22f6aa0f5b7135d7bc69c5f0ea
2026-06-06T08:31:26.000Z	add-chunk-batch	success	(ok true)	0x992cbb6e313717551c66fc5f508ae4c608965bad416301cf2a59ef116b32e37a
2026-06-06T08:31:26.000Z	add-chunk-batch	success	(ok true)	0x9c2da30968e7d5464012cd7d262454fdbbafa12b6a680bdd3ab070325e0a272d
2026-06-06T08:31:26.000Z	add-chunk-batch	success	(ok true)	0x25b34c48b08bb48a9959b435aed5ea0b8cbe6c8a0b00f9f4e154f26fce401754
2026-06-06T08:31:26.000Z	add-chunk-batch	success	(ok true)	0x7f35ff9f7b86ca1ed6b3777d1d0ee149ac7a0eef5c35b12f5e0bbaa81d725fe1
2026-06-06T08:31:26.000Z	add-chunk-batch	success	(ok true)	0x061018e24de9fab6d08697b485af95c65f0b2ee1860451bbddbdcadbee626075
2026-06-06T08:31:26.000Z	add-chunk-batch	success	(ok true)	0x969bd82b34dd4bda475383e2dbe378af47ae037e735267e18a407ca373f88547
2026-06-06T08:31:26.000Z	add-chunk-batch	success	(ok true)	0x36a136ed0a44449648f412300bb1dbce8b011eef4bd44c24fde4fe54ca89bb04
2026-06-06T08:31:26.000Z	add-chunk-batch	success	(ok true)	0x35edfc87f4a952053c313481df45934f098fb0aeaa1d0d64a651947b8a38f24d
2026-06-06T08:31:26.000Z	begin-inscription	success	(ok true)	0x08e813589def9b54b54e1e65ccee198a3391d377e9c4d94352ef8d16d84e96ca
2026-06-06T08:31:26.000Z	seal-inscription	success	(ok u356)	0x41c1405d86e6a4441b8b8d66ee34cb92df09772b7b0cc054b9933c7a75c6a738
2026-06-06T08:31:26.000Z	add-chunk-batch	success	(ok true)	0x8f9477ad5a36b3866fe04821b09fac56999abf5219179f6649048ea9782c3e7d
2026-06-06T08:31:26.000Z	add-chunk-batch	success	(ok true)	0xddc0c3d6b169da9114434bc766a91046e92308a267081062e56c17d0b12e3c99
2026-06-06T08:05:58.000Z	add-chunk-batch	success	(ok true)	0x0bac5c90a73ff7c7e01020ebd29971964d2aa2cada82b8e0a03b506194715158
2026-06-06T08:05:58.000Z	add-chunk-batch	success	(ok true)	0xcadee13f1a20ef32e0c4154179540c302c07524244a2a374b40856b65b63a1ce
2026-06-06T08:05:58.000Z	add-chunk-batch	success	(ok true)	0x9090687fa5c4f8d210d409798856dbea0b5132d68ec2886b4d497f7593a03231
2026-06-06T08:05:58.000Z	add-chunk-batch	success	(ok true)	0xbaf0cfc0788d82d750ae73ed317b50be1c30ba681740b6207b6efb612d8614aa
2026-06-06T08:05:58.000Z	add-chunk-batch	success	(ok true)	0xaa2e5a175dad1a393482cd0d160ddd5e251ecce518fc7a7b45acca1addb2e167
2026-06-06T08:05:58.000Z	add-chunk-batch	success	(ok true)	0x376c612fc1a56e6d7e2ad1cbdca6a6b83212c8cfe55d6a6dc9a57f191d279376
2026-06-06T08:05:58.000Z	add-chunk-batch	success	(ok true)	0x0f8b3cc9c25a11bc37dc4326a0b41f652477c088fb63b4fef8c0abcb880647f2
2026-06-06T08:05:58.000Z	begin-inscription	success	(ok true)	0xa71024723ec5d2d18e249c7a6883749ac4cdbae077bd479ef8ce53b2e6be31e7
2026-06-06T08:05:58.000Z	seal-inscription	success	(ok u355)	0xd34efdaedd45185a692e238b61e4f019a441d9c13e36ac0c41bf679aaba66bff
2026-06-06T08:05:58.000Z	add-chunk-batch	success	(ok true)	0x9c327896a84813f005bbc01b03a0b7e4f7c7a41c810d4d44bde76bf103eda845
2026-06-06T08:05:58.000Z	add-chunk-batch	success	(ok true)	0x161ee8c7b5a1c945872f943ec15b7cce841f50b257aea6cea8087b3ca54794d5
2026-06-06T08:05:58.000Z	add-chunk-batch	success	(ok true)	0x3121da43831c0d3dab5b092c533572f292f46b98b1c298cbbe99a6f3e8e2cfb6
2026-06-06T08:05:58.000Z	add-chunk-batch	success	(ok true)	0xf0b6ea229b9e8cb06352602b20c9f20ce6b373be66afed61c287acd9c3d295ea
2026-06-06T08:05:58.000Z	add-chunk-batch	success	(ok true)	0xc78d2100e2b6ff69a4fcd84d5830488f137cc4bf7ab5b2b51f2b27ab8f81ce8c
2026-06-06T08:05:58.000Z	add-chunk-batch	success	(ok true)	0xd6dbe7dec44785f23bb3675fbff8fd40e2c426b00b5c5f5a855c7e39ba96b521
2026-06-06T08:05:58.000Z	add-chunk-batch	success	(ok true)	0x91e3bdaae3fac1ca48f6bcc5e18707065690b82eb120e4dc6b03c7e26d722f40
2026-06-06T08:05:58.000Z	add-chunk-batch	success	(ok true)	0x17c21984827fefccaa0f1846419395debfeb85880d5c127e08f6467ba21e0c2c
2026-06-06T08:05:58.000Z	add-chunk-batch	success	(ok true)	0x1ed9de52795b1aebd097078cb2be3ff1e6cb58357695a1da786d4753741217b7
2026-06-06T08:05:58.000Z	begin-inscription	success	(ok true)	0xd8b0d8a60cf24e24f8ece43861e7db5f85b66cac3292fcdb4e0da5d7a7c92718
2026-06-06T08:05:58.000Z	seal-inscription	success	(ok u354)	0xe9008d63c87b3c68d94a5695763d04b98bf151fed807242d142a1f99133fb582
2026-06-06T08:05:58.000Z	add-chunk-batch	success	(ok true)	0xd8e11a4457e31a03965b081f40783772614eae2c7e252a2dd865632aa1f37427
2026-06-06T08:05:58.000Z	add-chunk-batch	success	(ok true)	0xba6bd8a002db022d88db899a23ccaa88c0fe000aa8a78ba0514b25f6f0ca426d
2026-06-06T08:05:58.000Z	add-chunk-batch	success	(ok true)	0xfa1073b5dea7fff836d48c078fb1183b9ebe31828a16edf572ae58b6d27f50de
2026-06-06T08:05:58.000Z	add-chunk-batch	success	(ok true)	0xa380cc95e30e5aa3f4eee364d3808b469693d79347a0b60cdb13d9b6b0d6f459
2026-06-06T08:05:58.000Z	add-chunk-batch	success	(ok true)	0x6d6ec9930b1d11f5a5a77a973df1e9e4165cf8ac6b9dcb590d951326d6ceabcb
2026-06-06T08:05:58.000Z	add-chunk-batch	success	(ok true)	0xf7a2e1283bbeb8c89947032916e5217df14ae6953a33305240e3bda76044b0a0
2026-06-06T08:05:58.000Z	add-chunk-batch	success	(ok true)	0x3a5580d239e839708203945b85b0d17a37c005f5f3f757cff1be0a38afecaac4
2026-06-06T07:20:48.000Z	add-chunk-batch	success	(ok true)	0x4aeece0e0a9e1a0a03816837efb166291e3b04cac8e49c5d2b81e3f74b079f2b
2026-06-06T07:20:48.000Z	add-chunk-batch	success	(ok true)	0x28b6ff1ca8d2c7be302cb90265374f54f983e3002507dfd469794a80964b8f97
2026-06-06T07:20:48.000Z	begin-inscription	success	(ok true)	0xb26cf9dedbaafd0c7df04760128b91ec6f51e07d6139c328e3e085db5f20de18
2026-06-06T07:20:48.000Z	seal-inscription	success	(ok u353)	0x62ecf2325e34c49599a52ed1887df0f6d5a83b780b89a6d0009ab37064e56270
2026-06-06T07:20:48.000Z	add-chunk-batch	success	(ok true)	0x6557ce055b8342231ca4c1c45b3c468e9575c7890420255e310cadad45cfcbf9
2026-06-06T07:20:48.000Z	add-chunk-batch	success	(ok true)	0xd6117ff5a727dc260e4d4bb31bd1bd0f7d5d268e2f4cabf33286da9a01197af1
2026-06-06T07:20:48.000Z	add-chunk-batch	success	(ok true)	0xa8ded07e53461bfb9368a6753881dae7aba9c280c371a95005db7a3e067711a7
2026-06-06T07:20:48.000Z	add-chunk-batch	success	(ok true)	0x3a649375e06f20d3cd04f3119f4126375f8a4693fb8b2a5482a6a55a79037b0c
2026-06-06T07:20:48.000Z	add-chunk-batch	success	(ok true)	0x3a2b6ac2b637458d935b9bf640f5c8bd5de7ec053f1574a723759b125502f2d4
2026-06-06T07:20:48.000Z	add-chunk-batch	success	(ok true)	0xc2f433667f187d59b022bce24972da70e979be558e239be8740579cfd0d8ec6c
2026-06-06T07:20:48.000Z	add-chunk-batch	success	(ok true)	0x28a4ae5466ef4563d9ab0a904dd6c49999f565f2f070bbc2a7c96a18dcb220c1
2026-06-06T07:04:59.000Z	add-chunk-batch	success	(ok true)	0x6df88fd0c37639b282cf8a2448c38ffc45eb3010ea6f0d7cbfbd441f7e10ff42
2026-06-06T07:04:59.000Z	add-chunk-batch	success	(ok true)	0x3a1eeec1196bce3eda8a055a7987db80eb27af69507e267bad3438c54189cb4a
2026-06-06T07:04:59.000Z	begin-inscription	success	(ok true)	0xe0e9ee54a3a7607702d664c8f6cfee6ee9110a97805b5d58b0f99003254b5404
2026-06-06T07:04:59.000Z	seal-inscription	success	(ok u352)	0xe077cd4b764282a2c93d2c2ce5f625394de3010fcc90300c8877f00bcfaf1cd0
2026-06-06T07:04:59.000Z	add-chunk-batch	success	(ok true)	0xea915e768d59b4a4fe493ec8295ab904be9fb563cd050e3b685df429df684eb2
2026-06-06T07:04:59.000Z	add-chunk-batch	success	(ok true)	0x3a98034f70367188ce6b1667fbf4ea8f4bc51d8ef20176c6afa45331e9afcf21
2026-06-06T07:04:59.000Z	add-chunk-batch	success	(ok true)	0x74a8072c78df63e56fb1b4755d9447d9cd9d349b79464790c95c7588a1de9027
2026-06-06T07:04:59.000Z	add-chunk-batch	success	(ok true)	0x393d9199967203535e27e4b3864d09c9bc0c833f315da3d76e07b8cab6410adc
2026-06-06T07:04:59.000Z	add-chunk-batch	success	(ok true)	0xb6d3cab48029da9061fda94326164eea3d33301faa8a52eaaeac39de0dcbb18e
2026-06-06T07:04:59.000Z	add-chunk-batch	success	(ok true)	0x649015dd885eddf6f5abea5a76fd679003e79159feb4d85319bcf051e622d318
2026-06-06T07:04:59.000Z	add-chunk-batch	success	(ok true)	0xd6f614020913d424342a1689180d088d9fa4c28409dde2eb7eb9d11ce8882c84
2026-06-06T07:04:59.000Z	add-chunk-batch	success	(ok true)	0xa288013544825aa51e5a3c337507cbc8fa8a3313cb0c1c8141662fc2e9ee86af
2026-06-06T07:04:59.000Z	add-chunk-batch	success	(ok true)	0x9b7a8201cf2532a115d0049685606ccecec5728b0703be57263fe06fd6576ac5
2026-06-06T07:04:59.000Z	begin-inscription	success	(ok true)	0x91b20d142e8acb197f43c02f20607f69d68dd5f8c5e2342016a40a0abbe86d39
2026-06-06T07:04:59.000Z	seal-inscription	success	(ok u351)	0x719200cc32e377d1c5651028ede0f8062bcc914bc8e81b3d84c3671f85df3f4b
2026-06-06T07:04:59.000Z	add-chunk-batch	success	(ok true)	0xfd364af7d766f7421bcedd811f9bb1459bcae3a9b308fbe5bc6d9f475d64de6a
2026-06-06T07:04:59.000Z	add-chunk-batch	success	(ok true)	0x6061edaf549ba589e792a7c05ad693c1155b433b70cbebc0c3130c47923794ee
2026-06-06T07:04:59.000Z	add-chunk-batch	success	(ok true)	0x34b0333f203205dad4a9418563ce0845a3ffccda6e652e518ccffbe52cc68173
2026-06-06T07:04:59.000Z	add-chunk-batch	success	(ok true)	0xcbd482353859c868a337c6d34f8164054c472c1e2c9c0ffb3826515e078f6c81
2026-06-06T07:04:59.000Z	add-chunk-batch	success	(ok true)	0x4777260e9b400c1f30f19f54ef2625574fcbae970417e3c4391bc942ad92ea3b
2026-06-06T07:04:59.000Z	add-chunk-batch	success	(ok true)	0xfb336cbde27e63c6669ad692a143cc77911582cb5bbe5a9d0f48179422572943
2026-06-06T07:04:59.000Z	add-chunk-batch	success	(ok true)	0xddc12e7088fef3bda1cdcb0a4f82c8a6c798f2ad7a6e4c3202a4b2dbd656f142
2026-06-06T07:04:59.000Z	add-chunk-batch	success	(ok true)	0x6e87597f9590f175d42b349d0f5c2be9299bc26e55e2f9a601d0321df00d1b6a
2026-06-06T07:04:59.000Z	add-chunk-batch	success	(ok true)	0x80b4e84a99981dea4ccae25354582a319774cdb9af76da77e4420c9d1279073c
2026-06-06T07:04:59.000Z	begin-inscription	success	(ok true)	0x4940d594abbf66dd57897866456dacca119022d125e6ac2824e5f7917ef6e7a7
2026-06-03T11:30:18.000Z	seal-inscription	success	(ok u345)	0xf8501ee66283e86e8f95f6c280e6269250cf080bc67622b4595fb14c0575d7db
2026-06-03T11:30:18.000Z	add-chunk-batch	success	(ok true)	0x50fec6246556ae13267a4af50159b87fa22576ff1fa4df9ba21b00e4fd646f14
2026-06-03T11:30:18.000Z	add-chunk-batch	success	(ok true)	0x20aa8b440750500c242b0d4d3861b2a82c3312658c688a228b9040be8556d370
2026-06-03T11:30:18.000Z	add-chunk-batch	success	(ok true)	0x84512ad079bf7f82fa31753d03a5bc92ee7d9db9350f68a6505f6a67becd9b3a
2026-06-03T11:30:18.000Z	add-chunk-batch	success	(ok true)	0x18614c59049bef2f441b3974c4716ea38a325d17fc0168b07a599002a008bd82
2026-06-03T11:30:18.000Z	add-chunk-batch	success	(ok true)	0x701d8e71cbe8c9590cc0751c079ca479ea391bd7d48267fdef24af2ec4518a79
2026-06-03T11:30:18.000Z	add-chunk-batch	success	(ok true)	0x534fbb4e245e5f40861ee6a451d8d6ed1cf83f91e4d430fa4886e194b5ef7b6a
2026-06-03T11:30:18.000Z	add-chunk-batch	success	(ok true)	0xc08d7bc3605032912573006854ab06b6d7647fd7d76fcee973b6af111a9ec227
2026-06-03T11:30:18.000Z	add-chunk-batch	success	(ok true)	0xa0ead59409fae45326ee96b85dbeafc6fb8516b66802042c59ad1065b45a7121
2026-06-03T11:30:18.000Z	add-chunk-batch	success	(ok true)	0xaaa8081c564a2e1acb3e1a708db9401d38d86387d8025a9c87a4d4f0edec0086
2026-06-03T11:30:18.000Z	begin-inscription	success	(ok true)	0x00ef6581984e7e15ce3f89dbe29d0e9ed262e51905afffa846ddc417a0ee70d6
2026-06-03T11:30:18.000Z	seal-inscription	success	(ok u344)	0x8818df8dd418ec11ad2838915d34c72ca50596f973bdf4e4aa5ab65bf64fabc7
2026-06-03T11:30:18.000Z	add-chunk-batch	success	(ok true)	0xdbe7488d9b44a07603f1d9d29cc9a2dfdb4bf99588b2fd395f7d97d211111a20
2026-06-03T11:30:18.000Z	add-chunk-batch	success	(ok true)	0xb52fef6f49456274649b361b38d3451b642f52fac30dd71d9776d2db0b677640
2026-06-03T11:30:18.000Z	add-chunk-batch	success	(ok true)	0x75dab7542a5187f2eb05c11f17679ee7104f9f426fd2093738b2a3b6322e1e8c
2026-06-03T11:30:18.000Z	add-chunk-batch	success	(ok true)	0x9bd5366fd1836bab0cbefa058497c5b6fa245d80dfff8b0e9bbca802ad16dd43
2026-06-03T11:24:10.000Z	add-chunk-batch	success	(ok true)	0x8c650b064031cf2db941e635261f7c011db551812c933966fa85b712c6d70c6f
2026-06-03T11:24:10.000Z	add-chunk-batch	success	(ok true)	0x88e358269d16bc04a1aed2a43796a26625a16a241b39351a12f4fa172574d10b
2026-06-03T11:24:10.000Z	add-chunk-batch	success	(ok true)	0x580c397ac569887e61575692ad4ff9d0709ed3bec6642302ef0df8d2ef4b343d
2026-06-03T11:24:10.000Z	add-chunk-batch	success	(ok true)	0x1574e15f07e753be57e3a592152e1f1cd427889e6e33579adac5d8cf3abb536c
2026-06-03T11:24:10.000Z	add-chunk-batch	success	(ok true)	0x4b758b72ccd178489ed607b0cad5e98763f2ff64446170a8767b7171989273a7
2026-06-03T11:24:10.000Z	begin-inscription	success	(ok true)	0x6fe473ee1843c7e2de426dd33db2e61ff6693706ad188294eb6801730425684a
2026-06-03T11:24:10.000Z	seal-inscription	success	(ok u343)	0xe4951f199dd1af7aacca89e3504c4bfadb7a99ed08eddcf0df8a6579d5035ca6
2026-06-03T11:24:10.000Z	add-chunk-batch	success	(ok true)	0xa39b01879906f05a4f24784df008a3c7f6cba3cd944e08eb56f32f1221f63fec
2026-06-03T11:24:10.000Z	add-chunk-batch	success	(ok true)	0xbc39b1326f9624f84ed83de58f17e5fe4aa85e398d430f4a4fbcf3ff18f987eb
2026-06-03T11:24:10.000Z	add-chunk-batch	success	(ok true)	0xe3f18d7be91141de024419787ece6cef5bab779984d2b697f6cfffd1e1676235
2026-06-03T11:24:10.000Z	add-chunk-batch	success	(ok true)	0x9a3797fdb4a306a1ba6a336b8c10b6b91eaa1ae60d8751033f90c4403e8798b2
2026-06-03T11:24:10.000Z	add-chunk-batch	success	(ok true)	0x2c26052bdcec1ce4a99b8743ad154987447bff0fce8a1f586fa898d625454b94
2026-06-03T11:24:10.000Z	add-chunk-batch	success	(ok true)	0x856b088c7bfae5535f19e7908e035aa3194bcb8e4b6df3a00228115a5104ffd3
2026-06-03T11:13:03.000Z	add-chunk-batch	success	(ok true)	0x359788ef6b852402d6bf8cf63413c592e4e9f94e9ba59a324f8462def10e78a1
2026-06-03T11:13:03.000Z	add-chunk-batch	success	(ok true)	0xbfc902c89b830d31a62f491257dd9c2f9b533e71bc98282892e55af13d3c3dbb
2026-06-03T11:13:03.000Z	add-chunk-batch	success	(ok true)	0xddd001e78e1ba29af7332df2c38efbdf5912af84f3252747c84f97709d1aaacf
2026-06-03T11:13:03.000Z	begin-inscription	success	(ok true)	0x4db7524753d0ae0bff90773b4b356ac4f03f9637cf5bb9fd3f1209fd0bf35b47
2026-06-03T11:13:03.000Z	seal-inscription	success	(ok u342)	0x770602836c9bdb0f82cbb59862525e4dd10537c2d1fe32557c85e46cc4b3b52d
2026-06-03T11:13:03.000Z	add-chunk-batch	success	(ok true)	0xd71c8842081ec13416575d230d6bc5a46a33740f0ea00dddc0e1a7279099a88d
2026-06-03T11:13:03.000Z	add-chunk-batch	success	(ok true)	0x9ff99740c82ef33b130a55143144e1db2a3d035e23a2f7e8cc9b5a9e9942e9ab
2026-06-03T11:13:03.000Z	add-chunk-batch	success	(ok true)	0x8f76885c734726ad685ba6923407f8f1081fbed5539f43412f7a0e4bb1f796f6
2026-06-03T11:13:03.000Z	add-chunk-batch	success	(ok true)	0xfd0c5e8ba6112cd8deb14d8a748d646f96bc3b76bacd76f72a2ae6dec2e6c10a
2026-06-03T11:13:03.000Z	add-chunk-batch	success	(ok true)	0x219efdcb4c755156024d885d37474d60c7ebf2aa05523c6718c4f7954f325a18
2026-06-03T11:13:03.000Z	add-chunk-batch	success	(ok true)	0x8a2b030234d9377bc2fc086a5b8598133a415356f6b521bf41f428889e972b4f
2026-06-03T11:13:03.000Z	add-chunk-batch	success	(ok true)	0xed20ef87f4f587c3a7c5e8cf37e0fb71197660995776ed5b1edb91a88fa070bb
2026-06-03T11:13:03.000Z	add-chunk-batch	success	(ok true)	0xc99a8d8f62acfc3f5eef36a66540cf9526077576dde67a71ee9fe320fcb62768
2026-06-03T11:13:03.000Z	add-chunk-batch	success	(ok true)	0x21cf4cf3dd0bef946c3d04206dcc6dacdf076695f44f2e5804f7b01d1f3cff0a
2026-06-03T11:13:03.000Z	begin-inscription	success	(ok true)	0x00d78866220485759e09858a5b54bb65abe5d31b40230189c69da91e2104374d
2026-06-03T11:13:03.000Z	seal-inscription	success	(ok u341)	0x48ab21a540605d8f8fbd949fbc03b5126c982b7e8eec658bcfa4d883f1ed59fa
2026-06-03T11:13:03.000Z	add-chunk-batch	success	(ok true)	0x7be080afe2be167278195cc4fd3975bfddee58f789ab0539d30201b0f3bec88c
2026-06-03T11:13:03.000Z	add-chunk-batch	success	(ok true)	0x5799343721980ab0a7b316c53da4685968cc246c9c9116999b467a6a2c52743c
2026-06-03T11:13:03.000Z	add-chunk-batch	success	(ok true)	0x1a7e09bad7452fa9c464ce0df7595f02d393a6ef7072bc43081855478017d26d
2026-06-03T11:13:03.000Z	add-chunk-batch	success	(ok true)	0x49731c8dc34d418b34ac92d3ad4e3d61307f58b2f00aef267a233f7ce1a8697f
2026-06-03T11:13:03.000Z	add-chunk-batch	success	(ok true)	0xffe293e4fbc9762d2803d829d0575cd8fc5329a2f5608a829f8abb3ef36610e9
2026-06-03T11:05:10.000Z	add-chunk-batch	success	(ok true)	0xc1d3355a749fbe9e062faf665d9b9062a00beb70ee5128634c52ef7fb6c7aba0
2026-06-03T11:05:10.000Z	add-chunk-batch	success	(ok true)	0x7d454a6549af21484fe2e65abe64bc5a20beba0336b8eb3de968932ba9554d58
2026-06-03T11:05:10.000Z	add-chunk-batch	success	(ok true)	0x4d313ad2df7752276ffb24bdb992078e01e0140e920870b8642554a43fb0cc4a
2026-06-03T11:05:10.000Z	add-chunk-batch	success	(ok true)	0x6bf7629c3016192b806375dc1ab5b14dc2cc0ac05ad1f101862354d80ac618f0
2026-06-03T11:05:10.000Z	begin-inscription	success	(ok true)	0x1840c2f3ac1e717f25b83deeeec5f43a1b7b6b17e73a7cbd8777b7d0ff1f9f41
2026-06-03T11:05:10.000Z	seal-inscription	success	(ok u340)	0x5254d24df9fc5f33ca74015784359d3d934acee9a85ddfee0f2ba8e8f1d27575
2026-06-03T11:05:10.000Z	add-chunk-batch	success	(ok true)	0xdad4e39f8f5a7c7a31b980e8243dd9a2025f6c19708f0e428a33d4406b5fd06b
2026-06-03T11:05:10.000Z	add-chunk-batch	success	(ok true)	0xfc6cbfe89abda0a71a77688ad6ed047011b7cc958f17150aaea8ed07fc861de8
2026-06-03T11:05:10.000Z	add-chunk-batch	success	(ok true)	0x86cb177fcf4e9c9b416f1522e1881f7aa74f696d81d629a16018a47a57065f3f
2026-06-03T11:05:10.000Z	add-chunk-batch	success	(ok true)	0xde687ed1ec6a67e6238457bec7529e27a7cc87af5997796acf80d31839649269
2026-06-03T11:05:10.000Z	add-chunk-batch	success	(ok true)	0x67bd9e4a0a617104b1c0cd49e992a7d59bcc976d5d798b5c27176cf2ab236664
2026-06-03T11:05:10.000Z	add-chunk-batch	success	(ok true)	0xb0395ec1f12b813c79c48a9df7dbbddf079875697a4dfc28f612a8e55838a345
2026-06-03T11:05:10.000Z	add-chunk-batch	success	(ok true)	0xac89f00bd21ae9d761cecfa5f4773c3e3449aefcc18ae2553a06e8861738e197
2026-06-03T11:05:10.000Z	add-chunk-batch	success	(ok true)	0xf4141b56dcb5663ac595b1d83b444eb0d01fc43e33623d8bb2cf3604f77a4ddb
2026-06-03T11:05:10.000Z	add-chunk-batch	success	(ok true)	0x7b0e0c47d1c54c6f0081677272c882bf57c68750c49e55f4f07902923c3bd2bb
2026-06-03T11:05:10.000Z	begin-inscription	success	(ok true)	0xb693ee6a06fc9c037ed1b540fc46e7b58dac6ef2718ac7b102a30c78e20309d3
2026-06-03T10:51:46.000Z	seal-inscription	success	(ok u339)	0xca38ab19d3ef19738849d540eddbcc3e0230f045dc3e20e3c615aec0ad31f280
2026-06-03T10:51:46.000Z	add-chunk-batch	success	(ok true)	0x8242a412dc2ca4356035a18e91ca49d2d01c6ebc10c093754efe98477e40bb36
2026-06-03T10:51:46.000Z	add-chunk-batch	success	(ok true)	0xf1e82fcafbd32b2ad0e4b7e668fec0f4f3905d633e698f8e7a51c66d1269f5e1
2026-06-03T10:51:46.000Z	add-chunk-batch	success	(ok true)	0xe9ced360045ece35815e63d8d48dfeda130bb54e41fe25b4f86a15292e7c57d0
2026-06-03T10:51:46.000Z	add-chunk-batch	success	(ok true)	0x13c841c7d86e57d2226e09b856d933d69674731c5b63a4c85b049a0046825303
2026-06-03T10:51:46.000Z	add-chunk-batch	success	(ok true)	0xcdd14ff9bf609b2da2e6283634f9916af310f4d44f8e0d0707e405422b17da05
2026-06-03T10:51:46.000Z	add-chunk-batch	success	(ok true)	0x6b4c7c7e1e5c7d82c8372bd75b78eda5892eb6f658d38a98c5ab0f294a7fd47b
2026-06-03T10:51:46.000Z	add-chunk-batch	success	(ok true)	0x1390b4441c2c0dcf5e572cbb8f0497b21bcc7e0ff46be1434dd064718aed3de9
2026-06-03T10:51:46.000Z	add-chunk-batch	success	(ok true)	0xc98f2a0237b3e919a18534a0aaf90cfe80a007b6694afb89e41044af50095fa2
2026-06-03T10:51:46.000Z	add-chunk-batch	success	(ok true)	0x95b3f059003579276fdaadc15cab180da74fb070fee26a7129eadf8c132a8c3c
2026-06-03T10:51:46.000Z	begin-inscription	success	(ok true)	0xa50d42163a9a6f9eca769ba67eaff2db099e009246b32b50257e46537f708199
2026-06-03T10:51:46.000Z	seal-inscription	success	(ok u338)	0xa0f28d2439c132490ad17274c607ccc1cba2ce79fcaff05a78326be0d2fae194
2026-06-03T10:51:46.000Z	add-chunk-batch	success	(ok true)	0x625c33ccace499850b195946e6587b711d6c55cf3f149ab1c13eb491ce11c0a0
2026-06-03T10:51:46.000Z	add-chunk-batch	success	(ok true)	0x59181a942716ec11460c1ed5c92cd586d3170a58c1ecd7152cc41c5dd2260341
2026-06-03T10:51:46.000Z	add-chunk-batch	success	(ok true)	0xb1d731918a465e501c6bf8930f20e45289aeb6893609b139d8f56c38cc9b5fd3
2026-06-03T10:51:46.000Z	add-chunk-batch	success	(ok true)	0x368e3f9d240ef8b9cfd2cb9d2af9887fe316c4a09683525ab37731b7d5e863cb
2026-06-03T10:51:46.000Z	add-chunk-batch	success	(ok true)	0x06e766e33dff302b491468ecd0b82b39a120bfa27d3c0b3ad0e315e75afad600
2026-06-03T10:51:46.000Z	add-chunk-batch	success	(ok true)	0xc657e0ee2ddca9411a7c4e5811b1010f97effa0c8e2507fc717a7a47be9ae6c5
2026-06-03T10:51:46.000Z	add-chunk-batch	success	(ok true)	0x48c0d3c1ae8136d3b4c7f4ee91ecb1b19cd7d8f5c4dc9e4ae34a0298e6b18039
2026-06-03T10:51:46.000Z	add-chunk-batch	success	(ok true)	0xb5118cadefea0c277c734e4a3769fe8e615efd44bc6ded2c8a144cdfdfa81707
2026-06-03T10:51:46.000Z	add-chunk-batch	success	(ok true)	0xd348e2a993a5839463423317497052aeff50d5298c45dd7a6cedd4d8c6594d4f
2026-06-03T10:51:46.000Z	begin-inscription	success	(ok true)	0x612c78e4c118d1182b19574240396f98b2b235592bf5a5bafa88c6133d595c9c
2026-06-02T05:47:45.000Z	seal-inscription	success	(ok u337)	0xed72781be30f8a9ef036672e95d7ebe7d87f566fb89ee89ca5e96a838931834d
2026-06-02T05:47:45.000Z	add-chunk-batch	success	(ok true)	0x6382ef3c00fcdbf6872d49d4214c5f5f8fbdc626abe54ff51eae3ad2fb2780ad
2026-06-02T05:47:45.000Z	add-chunk-batch	success	(ok true)	0xd818165d23a91e435a8700bac38c9ebac223bb44b63398c2e65eaf7af2b34964
2026-06-02T05:47:45.000Z	add-chunk-batch	success	(ok true)	0x1b50efb8760e2c59fe25b5ad4ed2e0329cdf2592e217ce72801a844bdfff3f48
2026-06-02T05:47:45.000Z	add-chunk-batch	success	(ok true)	0x4d3a4b1ceec3ab3ae8d0e73feec5a5a7559aec6d870219bc1342ce633a274c4d
2026-06-02T05:47:45.000Z	add-chunk-batch	success	(ok true)	0x990f344d9f629f23a54a5995e10177f3628c49c09bcfadb2736c03f2f054c1f8
2026-06-02T05:47:45.000Z	add-chunk-batch	success	(ok true)	0x50643e98298726f28a125f6a7a5a0703afc836b88eb8ea6008a6f8aa7afc87c9
2026-06-02T05:47:45.000Z	add-chunk-batch	success	(ok true)	0x2e91a5a00cc6005a0c15bbef917d6fadf38ee15af9cb266db27a33ca6b3c73cc
2026-06-02T05:47:45.000Z	add-chunk-batch	success	(ok true)	0x7decf10a39ef457423e9ab1b934491a9c74c8fcf0bd6ae02f2a964754a534a8e
2026-06-02T05:47:45.000Z	add-chunk-batch	success	(ok true)	0x066bcd237a3667064648817c8514c96b84429d9ae645a8c1da57d6ec603899bd
2026-06-02T05:47:45.000Z	begin-inscription	success	(ok true)	0x5af2014a3eec0c6e106c09d521dfc2afd7fc81f7c6b2fda57ae964605b79b874
2026-06-02T05:47:45.000Z	seal-inscription	success	(ok u336)	0x728f6a6769874bdb00310648e85ce78f5be2e9bf84dcbb4bbbcd7f9c80e60334
2026-06-02T05:47:45.000Z	add-chunk-batch	success	(ok true)	0xe0957fc3f9edd3c7afe04082bbb97bb5fb8c6b9b06edaf4d8572a7ec575cc844
2026-06-02T05:47:45.000Z	add-chunk-batch	success	(ok true)	0xf6801c2a87afde7a7901b9233d3ee4f351560c12e73935a5e49810db29d040b8
2026-06-02T05:47:45.000Z	add-chunk-batch	success	(ok true)	0x5e7f01f3e77ba16f4567195b6e0bae356cab7e70933ef30cd9bb63420d35f7b4
2026-06-02T05:47:45.000Z	add-chunk-batch	success	(ok true)	0xbbea9dd014a5fdecd072f73e830df2765fc7c8cbd149fa75bd1a09459d86579f
2026-06-02T05:47:45.000Z	add-chunk-batch	success	(ok true)	0xfeec0b3f2fbbb6443bd3bde052783a44127dc54c8f6bbc346341578f8250be8c
2026-06-02T05:47:45.000Z	add-chunk-batch	success	(ok true)	0x7379574c4bca9bdd340e4f57f318001b1353e796a332365be255d99e9d5147a8
2026-06-02T05:47:45.000Z	add-chunk-batch	success	(ok true)	0x64eaf3102e1644dae3c65c093097ad1fada5688c2f14e868c624f52ca80e3531
2026-06-02T05:47:45.000Z	add-chunk-batch	success	(ok true)	0x6ec37a4434d51a56384a9a36782f869495b7b8043de3a6551ef8be00fe30019a
2026-06-02T05:47:45.000Z	add-chunk-batch	success	(ok true)	0x2ee7fda4079caf7bd4599bbabefbd75d00a2459eb9e2bf73bac4b02ace1ac989
2026-06-02T05:47:45.000Z	begin-inscription	success	(ok true)	0xc23e13745203bf970d5a026c34a948c7d53e6443424d2a904cb428da656fe4fd
2026-06-02T04:52:24.000Z	seal-inscription	success	(ok u335)	0xb7a5f930046b3fe628e3f4d9f3fabcb7cd41bdb4104435311ccd92e9c23e316f
2026-06-02T04:52:24.000Z	add-chunk-batch	success	(ok true)	0x45570ce21ac927d63d94cf2882147026ee9d5a02204cdf123ef5247014f1a4cd
2026-06-02T04:52:24.000Z	add-chunk-batch	success	(ok true)	0xc007ae5a5cd780393c0309d9292ee7ce48f748514d1c630feb43c088ed609967
2026-06-02T04:52:24.000Z	add-chunk-batch	success	(ok true)	0x94a17f138acb1a50a31fd82e016b7e9c0121041f95c8f2534a9ff5658e99a952
2026-06-02T04:52:24.000Z	add-chunk-batch	success	(ok true)	0xe8d945eb360f114878419b0ee4dbaf7a995062fbb0fe466d01ed94fd29860cbd
2026-06-02T04:52:24.000Z	add-chunk-batch	success	(ok true)	0xce99319a5e0a10314d9a77b40eb3c449ee81b7ab976124fe094ab6b916d13600
2026-06-02T04:52:24.000Z	add-chunk-batch	success	(ok true)	0x29b2813e8e09ae4aebd1e162ac7f9c6f35dbf15c92dc71d43a532b3ff468943e
2026-06-02T04:52:24.000Z	add-chunk-batch	success	(ok true)	0x6870373f5dceca5d8404aad310764f118f49baa8672b0ea41fbe36850974f6cc
2026-06-02T04:52:24.000Z	add-chunk-batch	success	(ok true)	0xe234432a1e1a5f64c552915ea27e1d0b5d66f8aa1a5655f454e3f116cb04ebc7
2026-06-02T04:52:24.000Z	add-chunk-batch	success	(ok true)	0x086adb6296bd237bf71b42db44e94d270928a10e3de0d9b6b2b1570d7d278d64
2026-06-02T04:52:24.000Z	begin-inscription	success	(ok true)	0xbf1e9c458e2469a0a70717a1f0e0611c765e404c2552a5414f1727968609ff0b
2026-06-02T04:52:24.000Z	seal-inscription	success	(ok u334)	0x66ce45ba10e7df6826281a55fdfb82e02c5c6287378c84453b38e3cf13d9d2bc
2026-06-02T04:52:24.000Z	add-chunk-batch	success	(ok true)	0x64165e0d57b2720d0815bcbded3fab6a29cdec669368721ae52a3c55db3baf28
2026-06-02T04:52:24.000Z	add-chunk-batch	success	(ok true)	0x6182edefd61d7272fd9021f8e8d4512fd600cdb8b2a178ec9709324beddd199e
2026-06-02T04:52:24.000Z	add-chunk-batch	success	(ok true)	0x8f8abefaae3b81e80926de2569b1aeb9a2b6868b01fa9c83fa66fd9b1690e88b
2026-06-02T04:52:24.000Z	add-chunk-batch	success	(ok true)	0x664ef6dd69674a526d19a28765e90b9432e3272d78983134ae6980845140d0a8
2026-06-02T04:52:24.000Z	add-chunk-batch	success	(ok true)	0x4df52ba6718eed1fd326a5d2714a0de0323d483c52ca291cd56cdda0cc83b03f
2026-06-02T04:52:24.000Z	add-chunk-batch	success	(ok true)	0xb0a660cc08bdc162a1ca4e070cf1650f6cc5f5b1126981b3d288ce070c3a74cb
2026-06-02T04:52:24.000Z	add-chunk-batch	success	(ok true)	0x6d30cc4e2065e1571226181164e4143b7639a3d2127c102962cad974e1fa2aaa
2026-06-02T04:52:24.000Z	add-chunk-batch	success	(ok true)	0xbee10b55a03e62fb937eb549793e6e960d9ca32c441ea975b08558befaa90c79
2026-06-02T04:47:26.000Z	add-chunk-batch	success	(ok true)	0xae2fc07bed84ebc32fc8c832a2d53bdffe5a367b4c15743b3467488f1b577eb9
2026-06-02T04:47:26.000Z	begin-inscription	success	(ok true)	0x3ad3d93b3b241ef2e24fc3e0edd934bf1a8707940776f7d493457aaf012acc57
2026-06-02T04:47:26.000Z	seal-inscription	success	(ok u333)	0x520dd0709f13f08d419c0e129ad2103f381bf0750dcb0843f431487310acc3ac
2026-06-02T04:47:26.000Z	add-chunk-batch	success	(ok true)	0x3119ebb2143395bd7466212df8f6f82cfae29efd44593201791d86aa02cd3c7d
2026-06-02T04:47:26.000Z	add-chunk-batch	success	(ok true)	0x3dda79a6cd87067de6149e0292da9d667461e822ee588460a3753e09807b5162
2026-06-02T04:47:26.000Z	add-chunk-batch	success	(ok true)	0xb080cab98a7d4b2ea82d1c4982a5243b53ac52bfa857145bc6286c248b351bb0
2026-06-02T04:47:26.000Z	add-chunk-batch	success	(ok true)	0x10ff196c5eba4043c3b77e152e0971fbb9cec7a8f426303906c413c097313e7d
2026-06-02T04:47:26.000Z	add-chunk-batch	success	(ok true)	0xd7bfaf630fc4730c1206d9815ead19bf1b29bc089d3c1fc2cb3a425ebcedcd5e
2026-06-02T04:47:26.000Z	add-chunk-batch	success	(ok true)	0xa55801957bdabced2754927cf91af7cc1872740257dad0f8788c4ee2319d65e1
2026-06-02T04:47:26.000Z	add-chunk-batch	success	(ok true)	0x4cf8eb1529ad861a9eff1ca3d86b5e5c7305d3dcffd28d924a96e3eca91602ba
2026-06-02T04:47:26.000Z	add-chunk-batch	success	(ok true)	0xf78f4c1eb89c689741756fd4589083bc747134f201295dd048b7d0abe54cbe76
2026-06-02T04:47:26.000Z	add-chunk-batch	success	(ok true)	0x5bc3e60fa1efab32cd6aecfe26886904c09a462e7cf47b33db565a56bffdbaa7
2026-06-02T04:47:26.000Z	begin-inscription	success	(ok true)	0x2b707339d3a50ba6d63f6cf4aa3adf60a82fa6574d4ca8f2c0ca58393b09b9bc
2026-06-02T04:46:32.000Z	seal-inscription	success	(ok u332)	0xc406bb389f84353c43e7650eb0bbe310325cc186de95939424bcd1f79d9d3a56
2026-06-02T04:46:32.000Z	add-chunk-batch	success	(ok true)	0xdf253944e99321e77c9a4b7940d600ca641ba8fd760272067e639aa7a91739f1
2026-06-02T04:46:32.000Z	add-chunk-batch	success	(ok true)	0x1f45d91244971ffcb7ff88481fc657a6e29f0181ee0c240f6d8712a7831b9754
2026-06-02T04:26:56.000Z	add-chunk-batch	success	(ok true)	0x0bccdb1160a64901e54c6000e17837a9c310b955f718f69ccfc94450dbb4a13e
2026-06-02T04:26:56.000Z	add-chunk-batch	success	(ok true)	0xfc2d206c8832f48a3ba30b59ec4ba07e0c8717b7481b274345940213ef99dd88
2026-06-02T04:26:56.000Z	add-chunk-batch	success	(ok true)	0x1175d923712d24f3d706419ef3af032b2d9894df9c518e6ba6e4bec43dd0c918
2026-06-02T04:26:56.000Z	add-chunk-batch	success	(ok true)	0xd8fc0a6f4a5440449b542d39f85a59fa5b1d6eadb308465b004be2bd90979471
2026-06-02T04:26:56.000Z	add-chunk-batch	success	(ok true)	0x5b97e7d47893e5b8f45a71b0db8f47c96b9b8fdb9617962e9fca94adf1340639
2026-06-02T04:26:56.000Z	add-chunk-batch	success	(ok true)	0xffba74fa372e05b96eee11efa0358a1ddad8897fcf0218d9a878e2920060c3e7
2026-06-02T04:26:56.000Z	add-chunk-batch	success	(ok true)	0x0e40f69255b81b588b369f60172b12f82cd33b26790d624938809ed7b9558b55
2026-06-02T04:26:56.000Z	begin-inscription	success	(ok true)	0x4cf0bed8b381a13b3b8c4ce19cd9f64dda90e9d1fb7583ab668883fb5b3d6077
2026-06-02T04:26:56.000Z	seal-inscription	success	(ok u331)	0x9f7991a902851032bc37b78ff0cc370f4fd56ac2563a8f9f4ddf9dbd4ce1b3f3
2026-06-02T04:26:56.000Z	add-chunk-batch	success	(ok true)	0x1956947622928b69038b05b3ccdd905845254dec91988bd33a7f53cfaeae33e2
2026-06-02T04:26:56.000Z	add-chunk-batch	success	(ok true)	0x7ee9effcc1acd1ef121962b076b34d0702b235b8fa05654392fa49f75c88eb6f
2026-06-02T04:26:56.000Z	add-chunk-batch	success	(ok true)	0xbb9b48f5e5655fe5090f55e4b5bce705fa80de001c4a80c84fddf25cbd41e246
2026-06-02T04:26:56.000Z	add-chunk-batch	success	(ok true)	0x20724be0c3608c04da40b818701fbb0280ca3372458b4ceefd4b62bc2333aa20
2026-06-02T04:26:56.000Z	add-chunk-batch	success	(ok true)	0x541a13ede6440da3b8aad1b8ebb100167c0ae4a3b88b58747301b53dcb87801e
2026-06-02T04:26:56.000Z	add-chunk-batch	success	(ok true)	0x8e179db60f94a675e8b253f1018dcdad5404ade060d5bf90182edc69af073931
