wallet,tickets
SP1040BA2G20FHSBP00PQN8ANQ85P617QQR7MWPVJ,3
SP140XZ39ZEPWDRRFQ4WK60XWDF6Y7KQGDD6DTX22,1
SP1BP036PHHJMZG6G2YYVKW4GH15KRD7YNKT6VW8Q,5
SP1RB1V65A1PAAXYT8PVFFFC6T1FN9E8RQX7HMDKC,27
SP1WKDXKMM7JTKCCXZ5H3P4T6CNATV0XFSH42WXFB,1
SP1Y3SBM038WTVWESKE6SA7RXPYRPMTQT93XR9RN5,1
SP1Y9QXTQYA0N7Y8Q2C9MZ58B2909K12F4JHSCC3G,1
SP2D05S3BF330VK47T0D935GZ55557FQDC9QK68G,1
SP2RNHHQDTHGHPEVX83291K4AQZVGWEJ7WCQQDA9R,5
SP2Z2CBMGWB9MQZAF5Z8X56KS69XRV3SJF4WKJ7J9,27
SP303G827ND3PSGDW5XTVS8PKY37H5MF7CBF3QR5E,1
SP34RM95V725YTTGXZKRJYG1V84AH909ZB9717NBR,1
SP350YMZ2S1YE5HAC66VW101GNZT90RBKVNSY2BTA,1
SP38B5H07H1XJ756EEPMS8VBJE9HPGH03C50VPNAJ,20
SP3AJC728JY0Y43E8RT6K4VDWPT265RDMXJ8M0VH0,22
SP3WAAYXPC6WZNEC7SHGR36D32RJPZVXRR1BG0QSY,5
SP4HK1N3JWY67Y5FSTAQDZSV2K0YS2WRNBMKCXHF,1
SPV00QHST52GD7D0SEWV3R5N04RD4Q1PMA3TE2MP,5
SPZ2X7Q0Z69KTN7SZF90MR9AZGZ2ETXFGMFXKKN8,5
