inscription_number,inscription_id,source_description,reported_seconds,proposed_use,proposed_category,bpm_from_jims_note,two_beat_test_seconds,reported_minus_test_ms,newly_auditioned,measured_seconds,rights_status,source_note_line,content_path
44667,5b6ede57a5a4afa88212c0b52c53245396c8b5f9f421c1f20027d67b3afb3338i0,short drum loop,1.116,loop,drums,113.0,1.061947,54.053,False,,unknown,187,/content/5b6ede57a5a4afa88212c0b52c53245396c8b5f9f421c1f20027d67b3afb3338i0
44779,0a2fc435404ebe3151ef051fadbc40e37eff22e111ce01ac8d46d3db46c19a03i0,drum loop,1.404,loop,drums,90.0,1.333333,70.667,False,,unknown,189,/content/0a2fc435404ebe3151ef051fadbc40e37eff22e111ce01ac8d46d3db46c19a03i0
44972,418db69313f79c9161ca455961361bdf4c6f05a44862b7d99eac9e0efc9093a0i0,drum loop,1.044,loop,drums,120.0,1.0,44.0,False,,unknown,191,/content/418db69313f79c9161ca455961361bdf4c6f05a44862b7d99eac9e0efc9093a0i0
54462,0cc0c8c14a8a03f3c3a0af2f41f671378949f901a671d7ab80d99921394e5270i0,drum loop,1.123,loop,drums,113.0,1.061947,61.053,False,,unknown,199,/content/0cc0c8c14a8a03f3c3a0af2f41f671378949f901a671d7ab80d99921394e5270i0
54494,1469f9c15a9be39dec9e678f425b0d3e4ce80bda7a289aa47ca164c5dd831badi0,slow drum loop,1.62,loop,drums,75.0,1.6,20.0,False,,unknown,203,/content/1469f9c15a9be39dec9e678f425b0d3e4ce80bda7a289aa47ca164c5dd831badi0
54503,5b6561ff964fa51cf645948b8c93ba71877e2638ab9de5b9eec183caf961afc0i0,drum loop,1.44,loop,drums,85.0,1.411765,28.235,False,,unknown,207,/content/5b6561ff964fa51cf645948b8c93ba71877e2638ab9de5b9eec183caf961afc0i0
54504,0f3f7608f6c7fa0540bd1437f72e3528ee4e621f34c1cd06b5ca882ba6e521c1i0,drum loop,1.08,loop,drums,113.0,1.061947,18.053,False,,unknown,211,/content/0f3f7608f6c7fa0540bd1437f72e3528ee4e621f34c1cd06b5ca882ba6e521c1i0
54520,8cb47d82500c31e54e45c07097e06db1057a4b27a7e9320da907015614c6e4d6i0,drum loop,1.368,loop,drums,90.0,1.333333,34.667,False,,unknown,215,/content/8cb47d82500c31e54e45c07097e06db1057a4b27a7e9320da907015614c6e4d6i0
54528,0d2915c48661796a870ab293df0df36704b125f21354d1b4c019723e1c0522e2i0,drum loop,1.584,loop,drums,75.0,1.6,-16.0,False,,unknown,219,/content/0d2915c48661796a870ab293df0df36704b125f21354d1b4c019723e1c0522e2i0
67129,292f7760c81274f995b9e19b5dd63e0ac5387dd5f7394e642737e8092debdaa3i0,nice arp synth,14.262,phrase,synth,,,,False,,unknown,239,/content/292f7760c81274f995b9e19b5dd63e0ac5387dd5f7394e642737e8092debdaa3i0
98669,1d5f082efcd11a9758b26e3618b7881d36ebeaa284a7e93165959112fccfc3c3i0,more synth arp,14.915,phrase,synth,,,,False,,unknown,249,/content/1d5f082efcd11a9758b26e3618b7881d36ebeaa284a7e93165959112fccfc3c3i0
104232,f909b547dbb08bc7fe4ed0b3642517afd2f04ac441e1e5bd3e8d0ac79615260ai0,piano beat loop,7.608,loop,keys,,,,False,,unknown,257,/content/f909b547dbb08bc7fe4ed0b3642517afd2f04ac441e1e5bd3e8d0ac79615260ai0
140935,e9d47bb4ff978b732f79f990e439918f69d133599dc6c1e55e127fcb995dca6ei0,trippy synth,13.78,phrase,synth,,,,False,,unknown,339,/content/e9d47bb4ff978b732f79f990e439918f69d133599dc6c1e55e127fcb995dca6ei0
145762,e7d3088352da0db9c9a8c46095a05697b69355c9e07aeede75651fd54b419b7ei0,nice arpy loop,3.239,loop,synth,,,,False,,unknown,359,/content/e7d3088352da0db9c9a8c46095a05697b69355c9e07aeede75651fd54b419b7ei0
158460,3815321390f419e3ef9a2c4247a5edcc126dd7fb44e99b5223722b93af1f3063i0,Rave loop,15.333,loop,unknown,,,,False,,unknown,419,/content/3815321390f419e3ef9a2c4247a5edcc126dd7fb44e99b5223722b93af1f3063i0
319454,885632914001ebd7e2fab17cbebd7f35190014ce9d4dc51e855beea6b8ccea29i0,nice guitar lick,4.257,phrase,guitar,,,,False,,unknown,538,/content/885632914001ebd7e2fab17cbebd7f35190014ce9d4dc51e855beea6b8ccea29i0
340483,493fa06b8704a47000499dd07190dc45f64bc965215e575e4460841922aed401i0,Japanese Strings,19.476,phrase,strings,,,,False,,unknown,554,/content/493fa06b8704a47000499dd07190dc45f64bc965215e575e4460841922aed401i0
640728,37d2bd116fd04d5d8cd1912099ae4ba62e88e89c8447f9a14f2aa1329977040fi0,Japanese Strings,19.058,phrase,strings,,,,False,,unknown,582,/content/37d2bd116fd04d5d8cd1912099ae4ba62e88e89c8447f9a14f2aa1329977040fi0
669263,5781fb32ee21487767b44a966c696580f1cb2a186b90d39d36e7fe780551ef6bi0,Dance loop,4.071,loop,unknown,,,,False,,unknown,590,/content/5781fb32ee21487767b44a966c696580f1cb2a186b90d39d36e7fe780551ef6bi0
1097368,3519d2c9c88fe03174185222f5093a3dff4ff525a3c0ed1a79f3a09c3414b372i0,Japanese Strings,19.152,phrase,strings,,,,False,,unknown,646,/content/3519d2c9c88fe03174185222f5093a3dff4ff525a3c0ed1a79f3a09c3414b372i0
15950046,38c7b18107e019e953221416e69da0e6777f205213c7d55d9669b238cccd0c0ei0,AND EITHER SIDE - Lots of piano notes,3.16,phrase,keys,,,,False,,unknown,706,/content/38c7b18107e019e953221416e69da0e6777f205213c7d55d9669b238cccd0c0ei0
16548738,2569ad369163a3e3398761ea8e5f8bdfd363fdfd751177f6b6e06f21724c11b6i0,Distorted Loop,2.064,loop,unknown,,,,False,,unknown,712,/content/2569ad369163a3e3398761ea8e5f8bdfd363fdfd751177f6b6e06f21724c11b6i0
