inscription_number,inscription_id,description,duration_seconds,duration_basis,queue,priority,suggested_tags,bpm_from_original_note,review_status,usage_type,sound_category,bpm_verified,key_verified,trim_start_seconds,trim_end_seconds,loop_start_seconds,loop_end_seconds,loop_verified,rights_status,license,creator,rights_evidence_url,original_note,source_line,content_url,metadata_source_url,issues
44667,5b6ede57a5a4afa88212c0b52c53245396c8b5f9f421c1f20027d67b3afb3338i0,short drum loop,1.116,ord_audio_report,under_20_reported,musical_candidate,drums | loop,113.0,unreviewed,unclassified,unknown,,,0,,,,False,unknown,,,,0:01 - short drum loop - 113 BPM,187,https://ordinals.com/content/5b6ede57a5a4afa88212c0b52c53245396c8b5f9f421c1f20027d67b3afb3338i0,https://raw.githubusercontent.com/orange-background/ord.audio/master/scripts/songs.json,
44779,0a2fc435404ebe3151ef051fadbc40e37eff22e111ce01ac8d46d3db46c19a03i0,drum loop,1.404,ord_audio_report,under_20_reported,musical_candidate,drums | loop,90.0,unreviewed,unclassified,unknown,,,0,,,,False,unknown,,,,0:01 - drum loop - 90 BPM,189,https://ordinals.com/content/0a2fc435404ebe3151ef051fadbc40e37eff22e111ce01ac8d46d3db46c19a03i0,https://raw.githubusercontent.com/orange-background/ord.audio/master/scripts/songs.json,
44972,418db69313f79c9161ca455961361bdf4c6f05a44862b7d99eac9e0efc9093a0i0,drum loop,1.044,ord_audio_report,under_20_reported,musical_candidate,drums | loop,120.0,unreviewed,unclassified,unknown,,,0,,,,False,unknown,,,,0:01 - drum loop - 120 BPM,191,https://ordinals.com/content/418db69313f79c9161ca455961361bdf4c6f05a44862b7d99eac9e0efc9093a0i0,https://raw.githubusercontent.com/orange-background/ord.audio/master/scripts/songs.json,
54462,0cc0c8c14a8a03f3c3a0af2f41f671378949f901a671d7ab80d99921394e5270i0,drum loop,1.123,ord_audio_report,under_20_reported,musical_candidate,drums | loop,113.0,unreviewed,unclassified,unknown,,,0,,,,False,unknown,,,,0:01 - drum loop - 113 BPM,199,https://ordinals.com/content/0cc0c8c14a8a03f3c3a0af2f41f671378949f901a671d7ab80d99921394e5270i0,https://raw.githubusercontent.com/orange-background/ord.audio/master/scripts/songs.json,
54494,1469f9c15a9be39dec9e678f425b0d3e4ce80bda7a289aa47ca164c5dd831badi0,slow drum loop,1.62,ord_audio_report,under_20_reported,musical_candidate,drums | loop,75.0,unreviewed,unclassified,unknown,,,0,,,,False,unknown,,,,0:01 - slow drum loop - 75 BPM,203,https://ordinals.com/content/1469f9c15a9be39dec9e678f425b0d3e4ce80bda7a289aa47ca164c5dd831badi0,https://raw.githubusercontent.com/orange-background/ord.audio/master/scripts/songs.json,
54503,5b6561ff964fa51cf645948b8c93ba71877e2638ab9de5b9eec183caf961afc0i0,drum loop,1.44,ord_audio_report,under_20_reported,musical_candidate,drums | loop,85.0,unreviewed,unclassified,unknown,,,0,,,,False,unknown,,,,0:01 - drum loop - 85 BPM,207,https://ordinals.com/content/5b6561ff964fa51cf645948b8c93ba71877e2638ab9de5b9eec183caf961afc0i0,https://raw.githubusercontent.com/orange-background/ord.audio/master/scripts/songs.json,
54504,0f3f7608f6c7fa0540bd1437f72e3528ee4e621f34c1cd06b5ca882ba6e521c1i0,drum loop,1.08,ord_audio_report,under_20_reported,musical_candidate,drums | loop,113.0,unreviewed,unclassified,unknown,,,0,,,,False,unknown,,,,0:01 - drum loop - 113 BPM,211,https://ordinals.com/content/0f3f7608f6c7fa0540bd1437f72e3528ee4e621f34c1cd06b5ca882ba6e521c1i0,https://raw.githubusercontent.com/orange-background/ord.audio/master/scripts/songs.json,
54520,8cb47d82500c31e54e45c07097e06db1057a4b27a7e9320da907015614c6e4d6i0,drum loop,1.368,ord_audio_report,under_20_reported,musical_candidate,drums | loop,90.0,unreviewed,unclassified,unknown,,,0,,,,False,unknown,,,,0:01 - drum loop - 90 BPM,215,https://ordinals.com/content/8cb47d82500c31e54e45c07097e06db1057a4b27a7e9320da907015614c6e4d6i0,https://raw.githubusercontent.com/orange-background/ord.audio/master/scripts/songs.json,
54528,0d2915c48661796a870ab293df0df36704b125f21354d1b4c019723e1c0522e2i0,drum loop,1.584,ord_audio_report,under_20_reported,musical_candidate,drums | loop,75.0,unreviewed,unclassified,unknown,,,0,,,,False,unknown,,,,0:01 - drum loop - 75 BPM,219,https://ordinals.com/content/0d2915c48661796a870ab293df0df36704b125f21354d1b4c019723e1c0522e2i0,https://raw.githubusercontent.com/orange-background/ord.audio/master/scripts/songs.json,
67129,292f7760c81274f995b9e19b5dd63e0ac5387dd5f7394e642737e8092debdaa3i0,nice arp synth,14.262,ord_audio_report,under_20_reported,musical_candidate,synth,,unreviewed,unclassified,unknown,,,0,,,,False,unknown,,,,0:14 - nice arp synth,239,https://ordinals.com/content/292f7760c81274f995b9e19b5dd63e0ac5387dd5f7394e642737e8092debdaa3i0,https://raw.githubusercontent.com/orange-background/ord.audio/master/scripts/songs.json,
98669,1d5f082efcd11a9758b26e3618b7881d36ebeaa284a7e93165959112fccfc3c3i0,more synth arp,14.915,ord_audio_report,under_20_reported,musical_candidate,synth,,unreviewed,unclassified,unknown,,,0,,,,False,unknown,,,,0:14 - more synth arp,249,https://ordinals.com/content/1d5f082efcd11a9758b26e3618b7881d36ebeaa284a7e93165959112fccfc3c3i0,https://raw.githubusercontent.com/orange-background/ord.audio/master/scripts/songs.json,
104232,f909b547dbb08bc7fe4ed0b3642517afd2f04ac441e1e5bd3e8d0ac79615260ai0,piano beat loop,7.608,ord_audio_report,under_20_reported,musical_candidate,piano | loop,,unreviewed,unclassified,unknown,,,0,,,,False,unknown,,,,0:07 - piano beat loop,257,https://ordinals.com/content/f909b547dbb08bc7fe4ed0b3642517afd2f04ac441e1e5bd3e8d0ac79615260ai0,https://raw.githubusercontent.com/orange-background/ord.audio/master/scripts/songs.json,
140935,e9d47bb4ff978b732f79f990e439918f69d133599dc6c1e55e127fcb995dca6ei0,trippy synth,13.78,ord_audio_report,under_20_reported,musical_candidate,synth,,unreviewed,unclassified,unknown,,,0,,,,False,unknown,,,,0:13 - trippy synth,339,https://ordinals.com/content/e9d47bb4ff978b732f79f990e439918f69d133599dc6c1e55e127fcb995dca6ei0,https://raw.githubusercontent.com/orange-background/ord.audio/master/scripts/songs.json,
145762,e7d3088352da0db9c9a8c46095a05697b69355c9e07aeede75651fd54b419b7ei0,nice arpy loop,3.239,ord_audio_report,under_20_reported,musical_candidate,synth | loop,,unreviewed,unclassified,unknown,,,0,,,,False,unknown,,,,0:03 - nice arpy loop,359,https://ordinals.com/content/e7d3088352da0db9c9a8c46095a05697b69355c9e07aeede75651fd54b419b7ei0,https://raw.githubusercontent.com/orange-background/ord.audio/master/scripts/songs.json,
158460,3815321390f419e3ef9a2c4247a5edcc126dd7fb44e99b5223722b93af1f3063i0,Rave loop,15.333,ord_audio_report,under_20_reported,musical_candidate,loop,,unreviewed,unclassified,unknown,,,0,,,,False,unknown,,,,0:15 - Rave loop,419,https://ordinals.com/content/3815321390f419e3ef9a2c4247a5edcc126dd7fb44e99b5223722b93af1f3063i0,https://raw.githubusercontent.com/orange-background/ord.audio/master/scripts/songs.json,
319454,885632914001ebd7e2fab17cbebd7f35190014ce9d4dc51e855beea6b8ccea29i0,nice guitar lick,4.257,ord_audio_report,under_20_reported,musical_candidate,guitar,,unreviewed,unclassified,unknown,,,0,,,,False,unknown,,,,0:04 - nice guitar lick,538,https://ordinals.com/content/885632914001ebd7e2fab17cbebd7f35190014ce9d4dc51e855beea6b8ccea29i0,https://raw.githubusercontent.com/orange-background/ord.audio/master/scripts/songs.json,
340483,493fa06b8704a47000499dd07190dc45f64bc965215e575e4460841922aed401i0,Japanese Strings,19.476,ord_audio_report,under_20_reported,musical_candidate,strings,,unreviewed,unclassified,unknown,,,0,,,,False,unknown,,,,0:19 - Japanese Strings,554,https://ordinals.com/content/493fa06b8704a47000499dd07190dc45f64bc965215e575e4460841922aed401i0,https://raw.githubusercontent.com/orange-background/ord.audio/master/scripts/songs.json,
640728,37d2bd116fd04d5d8cd1912099ae4ba62e88e89c8447f9a14f2aa1329977040fi0,Japanese Strings,19.058,ord_audio_report,under_20_reported,musical_candidate,strings,,unreviewed,unclassified,unknown,,,0,,,,False,unknown,,,,0:19 - Japanese Strings,582,https://ordinals.com/content/37d2bd116fd04d5d8cd1912099ae4ba62e88e89c8447f9a14f2aa1329977040fi0,https://raw.githubusercontent.com/orange-background/ord.audio/master/scripts/songs.json,
669263,5781fb32ee21487767b44a966c696580f1cb2a186b90d39d36e7fe780551ef6bi0,Dance loop,4.071,ord_audio_report,under_20_reported,musical_candidate,loop,,unreviewed,unclassified,unknown,,,0,,,,False,unknown,,,,0:04 - Dance loop,590,https://ordinals.com/content/5781fb32ee21487767b44a966c696580f1cb2a186b90d39d36e7fe780551ef6bi0,https://raw.githubusercontent.com/orange-background/ord.audio/master/scripts/songs.json,
1097368,3519d2c9c88fe03174185222f5093a3dff4ff525a3c0ed1a79f3a09c3414b372i0,Japanese Strings,19.152,ord_audio_report,under_20_reported,musical_candidate,strings,,unreviewed,unclassified,unknown,,,0,,,,False,unknown,,,,Japanese Strings,646,https://ordinals.com/content/3519d2c9c88fe03174185222f5093a3dff4ff525a3c0ed1a79f3a09c3414b372i0,https://raw.githubusercontent.com/orange-background/ord.audio/master/scripts/songs.json,
15950046,38c7b18107e019e953221416e69da0e6777f205213c7d55d9669b238cccd0c0ei0,AND EITHER SIDE - Lots of piano notes,3.16,ord_audio_report,under_20_reported,musical_candidate,piano,,unreviewed,unclassified,unknown,,,0,,,,False,unknown,,,,AND EITHER SIDE - Lots of piano notes,706,https://ordinals.com/content/38c7b18107e019e953221416e69da0e6777f205213c7d55d9669b238cccd0c0ei0,https://raw.githubusercontent.com/orange-background/ord.audio/master/scripts/songs.json,
16548738,2569ad369163a3e3398761ea8e5f8bdfd363fdfd751177f6b6e06f21724c11b6i0,Distorted Loop,2.064,ord_audio_report,under_20_reported,musical_candidate,loop,,unreviewed,unclassified,unknown,,,0,,,,False,unknown,,,,Distorted Loop,712,https://ordinals.com/content/2569ad369163a3e3398761ea8e5f8bdfd363fdfd751177f6b6e06f21724c11b6i0,https://raw.githubusercontent.com/orange-background/ord.audio/master/scripts/songs.json,
1165,4d99bdbcdfd8c48eae4ac84907fef0b7b3f395a21cf4f0201fde9be1c636c71ci0,Nyah,0.903,ord_audio_report,under_20_reported,standard,,,unreviewed,unclassified,unknown,,,0,,,,False,unknown,,,,Nyah,42,https://ordinals.com/content/4d99bdbcdfd8c48eae4ac84907fef0b7b3f395a21cf4f0201fde9be1c636c71ci0,https://raw.githubusercontent.com/orange-background/ord.audio/master/scripts/songs.json,
1214,4c42f3072eb5be6103aed48be09da403b09694002ad98cd8e7c6bc167f9720e6i0,Farty sound,3.448,ord_audio_report,under_20_reported,standard,sfx,,unreviewed,unclassified,unknown,,,0,,,,False,unknown,,,,Farty sound,46,https://ordinals.com/content/4c42f3072eb5be6103aed48be09da403b09694002ad98cd8e7c6bc167f9720e6i0,https://raw.githubusercontent.com/orange-background/ord.audio/master/scripts/songs.json,
1334,a9fdcc608923f1ac8e45548973ce405488b9a42b739a82b1ee8d36eed7717edbi0,Untitled audio #1334,0.653,ord_audio_report,under_20_reported,standard,,,unreviewed,unclassified,unknown,,,0,,,,False,unknown,,,,0:01,54,https://ordinals.com/content/a9fdcc608923f1ac8e45548973ce405488b9a42b739a82b1ee8d36eed7717edbi0,https://raw.githubusercontent.com/orange-background/ord.audio/master/scripts/songs.json,
1342,510f8ee5211b2c96da3ea86533130014271d7da6ed7d0dc9af95c347f6449dabi0,Untitled audio #1342,1.28,ord_audio_report,under_20_reported,standard,,,unreviewed,unclassified,unknown,,,0,,,,False,unknown,,,,0:02,58,https://ordinals.com/content/510f8ee5211b2c96da3ea86533130014271d7da6ed7d0dc9af95c347f6449dabi0,https://raw.githubusercontent.com/orange-background/ord.audio/master/scripts/songs.json,
1450,1a94768b175a05eb09201c3b8435c4e6a8691b769848600d408a72712aff318di0,Gunshot,0.94,ord_audio_report,under_20_reported,standard,sfx,,unreviewed,unclassified,unknown,,,0,,,,False,unknown,,,,Gunshot,82,https://ordinals.com/content/1a94768b175a05eb09201c3b8435c4e6a8691b769848600d408a72712aff318di0,https://raw.githubusercontent.com/orange-background/ord.audio/master/scripts/songs.json,
1534,d861738d86f01cdd70a398337b0e3f157c6deca0d6a08aa4c4012c793b291abei0,Fart Number 1,2.142,ord_audio_report,under_20_reported,standard,sfx,,unreviewed,unclassified,unknown,,,0,,,,False,unknown,,,,0:02 - Fart Number 1,120,https://ordinals.com/content/d861738d86f01cdd70a398337b0e3f157c6deca0d6a08aa4c4012c793b291abei0,https://raw.githubusercontent.com/orange-background/ord.audio/master/scripts/songs.json,
1543,c834d922d4302361400ceb95e3bcc0393b43d10c3cabe818c6faf2eb00da9c28i0,FARTS,1.593,ord_audio_report,under_20_reported,standard,sfx,,unreviewed,unclassified,unknown,,,0,,,,False,unknown,,,,FARTS,126,https://ordinals.com/content/c834d922d4302361400ceb95e3bcc0393b43d10c3cabe818c6faf2eb00da9c28i0,https://raw.githubusercontent.com/orange-background/ord.audio/master/scripts/songs.json,
2012,d5294830a1275eb8a8e36ce4b456ea68252d7e9675be3eeab7e07708d88bdd19i0,FARTS,1.044,ord_audio_report,under_20_reported,standard,sfx,,unreviewed,unclassified,unknown,,,0,,,,False,unknown,,,,FARTS,126,https://ordinals.com/content/d5294830a1275eb8a8e36ce4b456ea68252d7e9675be3eeab7e07708d88bdd19i0,https://raw.githubusercontent.com/orange-background/ord.audio/master/scripts/songs.json,
2036,f663325554f05146b3ae8a57ca7da50574db317fd783e3c35b8f1464102facd7i0,FARTS,2.089,ord_audio_report,under_20_reported,standard,sfx,,unreviewed,unclassified,unknown,,,0,,,,False,unknown,,,,FARTS,126,https://ordinals.com/content/f663325554f05146b3ae8a57ca7da50574db317fd783e3c35b8f1464102facd7i0,https://raw.githubusercontent.com/orange-background/ord.audio/master/scripts/songs.json,
2042,5e92195849607b400d77f01cb1146563ce523fed47f66a044e7a470016e05e59i0,FARTS,1.567,ord_audio_report,under_20_reported,standard,sfx,,unreviewed,unclassified,unknown,,,0,,,,False,unknown,,,,FARTS,126,https://ordinals.com/content/5e92195849607b400d77f01cb1146563ce523fed47f66a044e7a470016e05e59i0,https://raw.githubusercontent.com/orange-background/ord.audio/master/scripts/songs.json,
2049,a555ad5041cfee13dd7a69568b0bb51087e06f1ec67ba22daf63c4e739443752i0,FARTS,1.462,ord_audio_report,under_20_reported,standard,sfx,,unreviewed,unclassified,unknown,,,0,,,,False,unknown,,,,FARTS,126,https://ordinals.com/content/a555ad5041cfee13dd7a69568b0bb51087e06f1ec67ba22daf63c4e739443752i0,https://raw.githubusercontent.com/orange-background/ord.audio/master/scripts/songs.json,
2095,6486da6355c8f41098ffee011323b73d093dc3d86f36bb25111ced7de8778238i0,FARTS,1.253,ord_audio_report,under_20_reported,standard,sfx,,unreviewed,unclassified,unknown,,,0,,,,False,unknown,,,,FARTS,126,https://ordinals.com/content/6486da6355c8f41098ffee011323b73d093dc3d86f36bb25111ced7de8778238i0,https://raw.githubusercontent.com/orange-background/ord.audio/master/scripts/songs.json,
2107,67877c473d60737ab5affca894851be6f240b751026c99e7cf27326598080764i0,FARTS,0.835,ord_audio_report,under_20_reported,standard,sfx,,unreviewed,unclassified,unknown,,,0,,,,False,unknown,,,,FARTS,126,https://ordinals.com/content/67877c473d60737ab5affca894851be6f240b751026c99e7cf27326598080764i0,https://raw.githubusercontent.com/orange-background/ord.audio/master/scripts/songs.json,
2114,f55cf509f689643063863917eed51ee31cc5a4aa060256fc76042ef65f23f04bi0,FARTS,0.966,ord_audio_report,under_20_reported,standard,sfx,,unreviewed,unclassified,unknown,,,0,,,,False,unknown,,,,FARTS,126,https://ordinals.com/content/f55cf509f689643063863917eed51ee31cc5a4aa060256fc76042ef65f23f04bi0,https://raw.githubusercontent.com/orange-background/ord.audio/master/scripts/songs.json,
2190,acf97da3d095c910b83b3934e3d84ee17495195e7c0181d8035f1b7838c0ab6ei0,FARTS,0.862,ord_audio_report,under_20_reported,standard,sfx,,unreviewed,unclassified,unknown,,,0,,,,False,unknown,,,,FARTS,126,https://ordinals.com/content/acf97da3d095c910b83b3934e3d84ee17495195e7c0181d8035f1b7838c0ab6ei0,https://raw.githubusercontent.com/orange-background/ord.audio/master/scripts/songs.json,
2265,9827bdf6f56361a66601b1891ff273e63423249ff4a346fe8ef2d5966e620f55i0,FARTS,0.653,ord_audio_report,under_20_reported,standard,sfx,,unreviewed,unclassified,unknown,,,0,,,,False,unknown,,,,FARTS,126,https://ordinals.com/content/9827bdf6f56361a66601b1891ff273e63423249ff4a346fe8ef2d5966e620f55i0,https://raw.githubusercontent.com/orange-background/ord.audio/master/scripts/songs.json,
2286,f8570824a9726b6910225f49aad710da35c8dd02366d542637697af3d548d00ei0,FARTS,1.097,ord_audio_report,under_20_reported,standard,sfx,,unreviewed,unclassified,unknown,,,0,,,,False,unknown,,,,FARTS,126,https://ordinals.com/content/f8570824a9726b6910225f49aad710da35c8dd02366d542637697af3d548d00ei0,https://raw.githubusercontent.com/orange-background/ord.audio/master/scripts/songs.json,
2309,1b5f98552b6b5954b884d4083d50ceffc267578eb2333978f256f5ca74556240i0,FARTS,1.175,ord_audio_report,under_20_reported,standard,sfx,,unreviewed,unclassified,unknown,,,0,,,,False,unknown,,,,FARTS,126,https://ordinals.com/content/1b5f98552b6b5954b884d4083d50ceffc267578eb2333978f256f5ca74556240i0,https://raw.githubusercontent.com/orange-background/ord.audio/master/scripts/songs.json,
2312,d8c2c72d1eac6c849869ce1cbb3fd186c78edabc9300adb9a88940f3e305eddbi0,FARTS,1.515,ord_audio_report,under_20_reported,standard,sfx,,unreviewed,unclassified,unknown,,,0,,,,False,unknown,,,,FARTS,126,https://ordinals.com/content/d8c2c72d1eac6c849869ce1cbb3fd186c78edabc9300adb9a88940f3e305eddbi0,https://raw.githubusercontent.com/orange-background/ord.audio/master/scripts/songs.json,
2335,ecf34b6d881a0f4ba4000ffa60a7a0ee6f89135b340545e21a7a3cc672b76938i0,FARTS,0.966,ord_audio_report,under_20_reported,standard,sfx,,unreviewed,unclassified,unknown,,,0,,,,False,unknown,,,,FARTS,126,https://ordinals.com/content/ecf34b6d881a0f4ba4000ffa60a7a0ee6f89135b340545e21a7a3cc672b76938i0,https://raw.githubusercontent.com/orange-background/ord.audio/master/scripts/songs.json,
2339,ad67e475ec1af8723cf8c20f268f3a81de259c72b0ca79b6e2ddbe0ae0df29aei0,FARTS,0.783,ord_audio_report,under_20_reported,standard,sfx,,unreviewed,unclassified,unknown,,,0,,,,False,unknown,,,,FARTS,126,https://ordinals.com/content/ad67e475ec1af8723cf8c20f268f3a81de259c72b0ca79b6e2ddbe0ae0df29aei0,https://raw.githubusercontent.com/orange-background/ord.audio/master/scripts/songs.json,
2502,61a7347e83b3397adf786a77a701e94898d7f508b36719762dd411a61ae68420i0,FARTS,1.645,ord_audio_report,under_20_reported,standard,sfx,,unreviewed,unclassified,unknown,,,0,,,,False,unknown,,,,FARTS,126,https://ordinals.com/content/61a7347e83b3397adf786a77a701e94898d7f508b36719762dd411a61ae68420i0,https://raw.githubusercontent.com/orange-background/ord.audio/master/scripts/songs.json,
6288,2270358f82606520198ef5f967d45ea9836f9d7b91aff8030a23df0bd6233957i0,First Indian Language audio clip,9.072,ord_audio_report,under_20_reported,standard,speech,,unreviewed,unclassified,unknown,,,0,,,,False,unknown,,,,First Indian Language audio clip,153,https://ordinals.com/content/2270358f82606520198ef5f967d45ea9836f9d7b91aff8030a23df0bd6233957i0,https://raw.githubusercontent.com/orange-background/ord.audio/master/scripts/songs.json,
6293,760df1efc541a64942149234ad223f376fad95efdf962b77f080f9395353f8f6i0,Indian talking,12.744,ord_audio_report,under_20_reported,standard,speech,,unreviewed,unclassified,unknown,,,0,,,,False,unknown,,,,0:12 - Indian talking,157,https://ordinals.com/content/760df1efc541a64942149234ad223f376fad95efdf962b77f080f9395353f8f6i0,https://raw.githubusercontent.com/orange-background/ord.audio/master/scripts/songs.json,
6375,aaf33263f5f399b4f3374efdc51d7ea12fa05e9e5bf2c62468e230eeb8e91a28i0,Shalom,1.728,ord_audio_report,under_20_reported,standard,speech,,unreviewed,unclassified,unknown,,,0,,,,False,unknown,,,,Shalom,161,https://ordinals.com/content/aaf33263f5f399b4f3374efdc51d7ea12fa05e9e5bf2c62468e230eeb8e91a28i0,https://raw.githubusercontent.com/orange-background/ord.audio/master/scripts/songs.json,
6381,4e3f79a0b99b9ba60bfc2f6f12f728b97738eab93338ae9e667a255b17f815bai0,konichiwa,2.088,ord_audio_report,under_20_reported,standard,speech,,unreviewed,unclassified,unknown,,,0,,,,False,unknown,,,,konichiwa,165,https://ordinals.com/content/4e3f79a0b99b9ba60bfc2f6f12f728b97738eab93338ae9e667a255b17f815bai0,https://raw.githubusercontent.com/orange-background/ord.audio/master/scripts/songs.json,
11134,e2e37d0215889333965112d7b47d32c9c8610436328c087eb1daf5d55686bacai0,Thankyou Satoshi whoever you are,3.132,ord_audio_report,under_20_reported,standard,,,unreviewed,unclassified,unknown,,,0,,,,False,unknown,,,,0:03 - Thankyou Satoshi whoever you are,173,https://ordinals.com/content/e2e37d0215889333965112d7b47d32c9c8610436328c087eb1daf5d55686bacai0,https://raw.githubusercontent.com/orange-background/ord.audio/master/scripts/songs.json,
26179,61bccfb64a5911be365a3005897356982002143c2b2ae6cb15a0cdac92c39fa2i0,nobody is taking cuts out of what I say and fucking chopping it up,3.213,ord_audio_report,under_20_reported,standard,speech,,unreviewed,unclassified,unknown,,,0,,,,False,unknown,,,,0:03 - nobody is taking cuts out of what I say and fucking chopping it up,177,https://ordinals.com/content/61bccfb64a5911be365a3005897356982002143c2b2ae6cb15a0cdac92c39fa2i0,https://raw.githubusercontent.com/orange-background/ord.audio/master/scripts/songs.json,
55067,d385c8e9ad29f3d6301b3a327fcbff09d2435f5244e3d0c7160b12395af9781ci0,nice short rap,10.584,ord_audio_report,under_20_reported,standard,vocals,,unreviewed,unclassified,unknown,,,0,,,,False,unknown,,,,0:10 - nice short rap,223,https://ordinals.com/content/d385c8e9ad29f3d6301b3a327fcbff09d2435f5244e3d0c7160b12395af9781ci0,https://raw.githubusercontent.com/orange-background/ord.audio/master/scripts/songs.json,
66131,a36898eeb9b7edf3f43bff17e256e20855a24fecb631205840fde166d153a9fei0,scream,2.424,ord_audio_report,under_20_reported,standard,sfx,,unreviewed,unclassified,unknown,,,0,,,,False,unknown,,,,0:02 - scream,235,https://ordinals.com/content/a36898eeb9b7edf3f43bff17e256e20855a24fecb631205840fde166d153a9fei0,https://raw.githubusercontent.com/orange-background/ord.audio/master/scripts/songs.json,
127972,6a24189429ba1d53f1c34014f49c4fa7a899d33269a372c4c726a1bf1e56c283i0,first recording - Mary had a little lamb,17.591,ord_audio_report,under_20_reported,standard,,,unreviewed,unclassified,unknown,,,0,,,,False,unknown,,,,0:17 - first recording - Mary had a little lamb,275,https://ordinals.com/content/6a24189429ba1d53f1c34014f49c4fa7a899d33269a372c4c726a1bf1e56c283i0,https://raw.githubusercontent.com/orange-background/ord.audio/master/scripts/songs.json,
128225,84db05cf6a1ffd54cfa45d3fbff18d8b4289bfcf4e376e198a5118e707e7da4ci0,Untitled audio #128225,19.121,ord_audio_report,under_20_reported,standard,,,unreviewed,unclassified,unknown,,,0,,,,False,unknown,,,,,295,https://ordinals.com/content/84db05cf6a1ffd54cfa45d3fbff18d8b4289bfcf4e376e198a5118e707e7da4ci0,https://raw.githubusercontent.com/orange-background/ord.audio/master/scripts/songs.json,
128255,5779431600cc6a12c974b8af5a180c3120183e4ca8924f591ed6a2b7436e3a79i0,One Small Step - full version,6.588,ord_audio_report,under_20_reported,standard,,,unreviewed,unclassified,unknown,,,0,,,,False,unknown,,,,One Small Step - full version,301,https://ordinals.com/content/5779431600cc6a12c974b8af5a180c3120183e4ca8924f591ed6a2b7436e3a79i0,https://raw.githubusercontent.com/orange-background/ord.audio/master/scripts/songs.json,
128308,4caf62d01a7a407bb5632f8aaa6b0358960c6c29a75437defdd25ff55a596c46i0,The Eagle Has Landed,5.364,ord_audio_report,under_20_reported,standard,,,unreviewed,unclassified,unknown,,,0,,,,False,unknown,,,,The Eagle Has Landed,303,https://ordinals.com/content/4caf62d01a7a407bb5632f8aaa6b0358960c6c29a75437defdd25ff55a596c46i0,https://raw.githubusercontent.com/orange-background/ord.audio/master/scripts/songs.json,
128309,f08c567328dee4bb80383a5950014bae653037c878e99bb1c25e4d3ad8e7f0a4i0,Untitled audio #128309,13.14,ord_audio_report,under_20_reported,standard,,,unreviewed,unclassified,unknown,,,0,,,,False,unknown,,,,,305,https://ordinals.com/content/f08c567328dee4bb80383a5950014bae653037c878e99bb1c25e4d3ad8e7f0a4i0,https://raw.githubusercontent.com/orange-background/ord.audio/master/scripts/songs.json,
145856,9049a4ac03684cee96dd5f77e6028a2d7cc6cf6acd9b58a84eacc9c5a178cc0bi0,Visit OrdinalsBot,5.302,ord_audio_report,under_20_reported,standard,,,unreviewed,unclassified,unknown,,,0,,,,False,unknown,,,,0:05 - Visit OrdinalsBot,363,https://ordinals.com/content/9049a4ac03684cee96dd5f77e6028a2d7cc6cf6acd9b58a84eacc9c5a178cc0bi0,https://raw.githubusercontent.com/orange-background/ord.audio/master/scripts/songs.json,
151624,e5085a9f650ea06b4ecdddaa8567d901cd06526012942101852465f71e2428c4i0,Arnie - I’ll be back,1.593,ord_audio_report,under_20_reported,standard,,,unreviewed,unclassified,unknown,,,0,,,,False,unknown,,,,0:01 - Arnie - I’ll be back,379,https://ordinals.com/content/e5085a9f650ea06b4ecdddaa8567d901cd06526012942101852465f71e2428c4i0,https://raw.githubusercontent.com/orange-background/ord.audio/master/scripts/songs.json,
151763,37d9c9a3d52b83c8b4c82b0e501c0952515646f047965dd6a1036cdb268a8278i0,Snoring,13.008,ord_audio_report,under_20_reported,standard,sfx,,unreviewed,unclassified,unknown,,,0,,,,False,unknown,,,,0:13 - Snoring,383,https://ordinals.com/content/37d9c9a3d52b83c8b4c82b0e501c0952515646f047965dd6a1036cdb268a8278i0,https://raw.githubusercontent.com/orange-background/ord.audio/master/scripts/songs.json,
155918,7bb9203be3c302f7df945cd6b57c52b0a14c1f09b0801cacc142efb3023126d8i0,TOXIC,1.462,ord_audio_report,under_20_reported,standard,,,unreviewed,unclassified,unknown,,,0,,,,False,unknown,,,,0:01 - TOXIC,403,https://ordinals.com/content/7bb9203be3c302f7df945cd6b57c52b0a14c1f09b0801cacc142efb3023126d8i0,https://raw.githubusercontent.com/orange-background/ord.audio/master/scripts/songs.json,
156810,7953ebac52999a8690bcd894a46f09e24c7f23525a91bc5c3201f9cdb1ae83abi0,Darth Vader - I am your father,6.008,ord_audio_report,under_20_reported,standard,,,unreviewed,unclassified,unknown,,,0,,,,False,unknown,,,,0:06 - Darth Vader - I am your father,407,https://ordinals.com/content/7953ebac52999a8690bcd894a46f09e24c7f23525a91bc5c3201f9cdb1ae83abi0,https://raw.githubusercontent.com/orange-background/ord.audio/master/scripts/songs.json,
160266,c4222736441daeef6acf93ad83c2bae6c4f23d2e6bef71dbb497e6208f9a0673i0,spanish,3.552,ord_audio_report,under_20_reported,standard,,,unreviewed,unclassified,unknown,,,0,,,,False,unknown,,,,0:03 - spanish,431,https://ordinals.com/content/c4222736441daeef6acf93ad83c2bae6c4f23d2e6bef71dbb497e6208f9a0673i0,https://raw.githubusercontent.com/orange-background/ord.audio/master/scripts/songs.json,
165265,7b8ee38075781a421124e7bd3d82a1afa86d3c03fd8886b386b14d2d01636ecci0,I’m a Barbie Girl,14.942,ord_audio_report,under_20_reported,standard,,,unreviewed,unclassified,unknown,,,0,,,,False,unknown,,,,0:14 - I’m a Barbie Girl,446,https://ordinals.com/content/7b8ee38075781a421124e7bd3d82a1afa86d3c03fd8886b386b14d2d01636ecci0,https://raw.githubusercontent.com/orange-background/ord.audio/master/scripts/songs.json,
174372,8e240f0e557fbc86cd42b9cd169de3386d5e82fb0727f8d5559e1398cc72db6ei0,GOOOOAAAAAALLLLLL,9.848,ord_audio_report,under_20_reported,standard,,,unreviewed,unclassified,unknown,,,0,,,,False,unknown,,,,0:09 - GOOOOAAAAAALLLLLL,454,https://ordinals.com/content/8e240f0e557fbc86cd42b9cd169de3386d5e82fb0727f8d5559e1398cc72db6ei0,https://raw.githubusercontent.com/orange-background/ord.audio/master/scripts/songs.json,
177902,d1debf5f2a13b3435b7d2ccc17780a183d0e65ba4b7300cbf6b47d7d921df916i0,Bohemian Rhapsody “Mamaaaaaa”,19.764,ord_audio_report,under_20_reported,standard,,,unreviewed,unclassified,unknown,,,0,,,,False,unknown,,,,0:19 - Bohemian Rhapsody “Mamaaaaaa”,472,https://ordinals.com/content/d1debf5f2a13b3435b7d2ccc17780a183d0e65ba4b7300cbf6b47d7d921df916i0,https://raw.githubusercontent.com/orange-background/ord.audio/master/scripts/songs.json,
185932,20af3bdb364947bc5b1f84d21340818f056b26bea05b148455ddf658a5b1d25di0,computer game alarm,9.984,ord_audio_report,under_20_reported,standard,sfx,,unreviewed,unclassified,unknown,,,0,,,,False,unknown,,,,0:09 - computer game alarm,476,https://ordinals.com/content/20af3bdb364947bc5b1f84d21340818f056b26bea05b148455ddf658a5b1d25di0,https://raw.githubusercontent.com/orange-background/ord.audio/master/scripts/songs.json,
186094,15cc2e4fbe38a6f3abdb788f4c2aa379dc00ff27cbecae30e025949d381737c1i0,more computer game SFX,9.984,ord_audio_report,under_20_reported,standard,sfx,,unreviewed,unclassified,unknown,,,0,,,,False,unknown,,,,0:09 - more computer game SFX,480,https://ordinals.com/content/15cc2e4fbe38a6f3abdb788f4c2aa379dc00ff27cbecae30e025949d381737c1i0,https://raw.githubusercontent.com/orange-background/ord.audio/master/scripts/songs.json,
186287,d0131ad91a5ffd27e3fe7dfa78bae92ec977d38896b17c43cb144978d927333ai0,MORE COMPUTER GAME SOUNDS,10.224,ord_audio_report,under_20_reported,standard,,,unreviewed,unclassified,unknown,,,0,,,,False,unknown,,,,MORE COMPUTER GAME SOUNDS,486,https://ordinals.com/content/d0131ad91a5ffd27e3fe7dfa78bae92ec977d38896b17c43cb144978d927333ai0,https://raw.githubusercontent.com/orange-background/ord.audio/master/scripts/songs.json,
186864,8c7b06c4d9a8eb37ede53664f27b01c6a36f4d361610eb863aba38eda2ee6373i0,MORE COMPUTER GAME SOUNDS,9.984,ord_audio_report,under_20_reported,standard,,,unreviewed,unclassified,unknown,,,0,,,,False,unknown,,,,MORE COMPUTER GAME SOUNDS,486,https://ordinals.com/content/8c7b06c4d9a8eb37ede53664f27b01c6a36f4d361610eb863aba38eda2ee6373i0,https://raw.githubusercontent.com/orange-background/ord.audio/master/scripts/songs.json,
188113,8a9d14e746a224e308323f4979e27e40d06e3de3e076f5fb139b19aa3e715e0ai0,MORE COMPUTER GAME SOUNDS,9.984,ord_audio_report,under_20_reported,standard,,,unreviewed,unclassified,unknown,,,0,,,,False,unknown,,,,MORE COMPUTER GAME SOUNDS,486,https://ordinals.com/content/8a9d14e746a224e308323f4979e27e40d06e3de3e076f5fb139b19aa3e715e0ai0,https://raw.githubusercontent.com/orange-background/ord.audio/master/scripts/songs.json,
188761,d42109ca38732c4dffedbfedc5fb2426a99c8732766107c002357929f53b8562i0,MORE COMPUTER GAME SOUNDS,9.984,ord_audio_report,under_20_reported,standard,,,unreviewed,unclassified,unknown,,,0,,,,False,unknown,,,,MORE COMPUTER GAME SOUNDS,486,https://ordinals.com/content/d42109ca38732c4dffedbfedc5fb2426a99c8732766107c002357929f53b8562i0,https://raw.githubusercontent.com/orange-background/ord.audio/master/scripts/songs.json,
188930,5f5c4ae2ee9dffb29dae23c373170b44d0a555addd31d195caffed5253a5fc55i0,MORE COMPUTER GAME SOUNDS,9.984,ord_audio_report,under_20_reported,standard,,,unreviewed,unclassified,unknown,,,0,,,,False,unknown,,,,MORE COMPUTER GAME SOUNDS,486,https://ordinals.com/content/5f5c4ae2ee9dffb29dae23c373170b44d0a555addd31d195caffed5253a5fc55i0,https://raw.githubusercontent.com/orange-background/ord.audio/master/scripts/songs.json,
264652,2e8250f634f19722a185c8a5a3a5d877891241ebca8cbc4379e3538849237ff6i0,I LOVE YOU IN MULTIPLE LANGUAGES:,1.656,ord_audio_report,under_20_reported,standard,speech,,unreviewed,unclassified,unknown,,,0,,,,False,unknown,,,,I LOVE YOU IN MULTIPLE LANGUAGES:,526,https://ordinals.com/content/2e8250f634f19722a185c8a5a3a5d877891241ebca8cbc4379e3538849237ff6i0,https://raw.githubusercontent.com/orange-background/ord.audio/master/scripts/songs.json,
265120,4a023b5e1a375f0a7076cd418f95ede851247eb1d3a19d7e26523336c2e6207di0,I LOVE YOU IN MULTIPLE LANGUAGES:,1.332,ord_audio_report,under_20_reported,standard,speech,,unreviewed,unclassified,unknown,,,0,,,,False,unknown,,,,I LOVE YOU IN MULTIPLE LANGUAGES:,526,https://ordinals.com/content/4a023b5e1a375f0a7076cd418f95ede851247eb1d3a19d7e26523336c2e6207di0,https://raw.githubusercontent.com/orange-background/ord.audio/master/scripts/songs.json,
279484,a0d8a06567c79bd10576ce41b50e4562de3df559d23f4bf25680c6a184a9988fi0,I LOVE YOU IN MULTIPLE LANGUAGES:,1.41,ord_audio_report,under_20_reported,standard,speech,,unreviewed,unclassified,unknown,,,0,,,,False,unknown,,,,I LOVE YOU IN MULTIPLE LANGUAGES:,526,https://ordinals.com/content/a0d8a06567c79bd10576ce41b50e4562de3df559d23f4bf25680c6a184a9988fi0,https://raw.githubusercontent.com/orange-background/ord.audio/master/scripts/songs.json,
280817,fb9a4379ca9522dd77ba0d1bd04b5b50ca78d541548c4d8fdf33ba4ade9faaf6i0,I LOVE YOU IN MULTIPLE LANGUAGES:,1.097,ord_audio_report,under_20_reported,standard,speech,,unreviewed,unclassified,unknown,,,0,,,,False,unknown,,,,I LOVE YOU IN MULTIPLE LANGUAGES:,526,https://ordinals.com/content/fb9a4379ca9522dd77ba0d1bd04b5b50ca78d541548c4d8fdf33ba4ade9faaf6i0,https://raw.githubusercontent.com/orange-background/ord.audio/master/scripts/songs.json,
281272,3fd84212cbb713db12872bb525d9d495c341df51920aea01f3e58170cc235627i0,I LOVE YOU IN MULTIPLE LANGUAGES:,1.097,ord_audio_report,under_20_reported,standard,speech,,unreviewed,unclassified,unknown,,,0,,,,False,unknown,,,,I LOVE YOU IN MULTIPLE LANGUAGES:,526,https://ordinals.com/content/3fd84212cbb713db12872bb525d9d495c341df51920aea01f3e58170cc235627i0,https://raw.githubusercontent.com/orange-background/ord.audio/master/scripts/songs.json,
297001,0cee04f48bfc106af92a96647444c783165b6ee3dca480ef4b332e5057dba17fi0,Happy Birthday,16.632,ord_audio_report,under_20_reported,standard,,,unreviewed,unclassified,unknown,,,0,,,,False,unknown,,,,0:16 - Happy Birthday,530,https://ordinals.com/content/0cee04f48bfc106af92a96647444c783165b6ee3dca480ef4b332e5057dba17fi0,https://raw.githubusercontent.com/orange-background/ord.audio/master/scripts/songs.json,
